text,label
Pay ₹5000 registration fee and get PM Kisan ₹10000 instantly,1
Guaranteed loan approval without documents just pay processing fee,1
Call this number to activate your PM Kisan double payment scheme,1
Send ₹2000 to agent for immediate crop insurance claim processing,1
Get ₹50000 government subsidy by sharing your Aadhaar and bank OTP,1
Limited time offer pay ₹3000 get ₹25000 Kisan Credit Card instantly,1
Government giving ₹15000 bonus to all farmers click link to claim now,1
Your PM Kisan account is blocked pay ₹4000 penalty to unblock,1
Urgent verification needed send bank details to continue receiving PM Kisan,1
Get free tractor under new scheme just pay ₹10000 delivery charges,1
Double your PM Kisan payment by registering with our agent for ₹5000,1
Claim your pending ₹30000 arrears by paying ₹6000 processing fee,1
Government lottery for farmers won ₹5 lakh pay ₹8000 tax to claim,1
New scheme announced ₹20000 per month to all farmers register now with fee,1
PM Kisan payment failed pay ₹3500 to reactivate your account immediately,1
Get instant Kisan Credit Card of ₹2 lakh by paying ₹7000 to officer,1
Free solar pump scheme pay only ₹15000 installation and delivery charges,1
Government offering ₹1 lakh subsidy share your ATM pin to verify eligibility,1
PM Fasal Bima claim approved pay ₹5000 to receive ₹50000 compensation,1
Activate your dormant PM Kisan account by sending ₹4500 activation fee,1
New farmer welfare scheme ₹25000 direct transfer send ₹6000 registration fee,1
Get zero interest loan of ₹3 lakh just pay ₹8000 documentation charges,1
Your subsidy of ₹40000 is pending pay ₹7500 to release the amount,1
Crop insurance claim ready pay ₹5500 for bank transfer charges,1
Government announced bonus ₹12000 for all KCC holders pay ₹3000 to claim,1
Get soil testing subsidy of ₹20000 by paying ₹4000 processing fee,1
PM Kisan upgraded to ₹12000 per year pay ₹2500 to upgrade your account,1
Free seeds and fertilizers under new scheme pay ₹6500 delivery only,1
Your farm registered for ₹60000 grant pay ₹9000 documentation fee to proceed,1
Guaranteed crop insurance approval pay ₹5000 premium and get ₹100000 coverage,1
Government giving ₹8000 monthly pension to farmers pay ₹4500 enrollment fee,1
Click link to claim ₹35000 drought relief compensation pay ₹7000 verification fee,1
Your PM Kisan eligibility expires tomorrow pay ₹3500 renewal charges urgently,1
Get waiver of all farm loans by paying ₹10000 processing charges to agent,1
New subsidy scheme announced ₹45000 per acre pay ₹8500 registration fee,1
Immediate NREGA payment of ₹15000 available pay ₹4000 release charges,1
Government laptop scheme for farmers pay ₹6000 get laptop worth ₹40000,1
Your Kisan Credit Card limit increased to ₹5 lakh pay ₹7500 to activate,1
Free agriculture training with ₹20000 stipend pay ₹5500 seat booking fee,1
PM Awas Yojana house allotted pay ₹12000 registration to get possession,1
Agricultural machinery subsidy approved pay ₹15000 to claim ₹80000 benefit,1
Flood relief compensation ₹25000 ready pay ₹6000 to transfer to your account,1
Government health insurance for farmers pay ₹3500 get ₹5 lakh coverage,1
New electricity subsidy scheme pay ₹4500 get ₹18000 annual benefit,1
Your farm income doubled under new AI scheme pay ₹8000 enrollment,1
Get ₹10000 per month dairy subsidy pay ₹6500 registration charges,1
PM Kisan Maan Dhan pension approved pay ₹5000 to start receiving,1
Free drip irrigation system pay only ₹9000 installation and delivery,1
Government buying crops at double MSP pay ₹7000 to register as seller,1
Your soil health card subsidy pending pay ₹3000 to release ₹15000,1
PM Kisan Samman Nidhi provides ₹6000 per year to eligible farmers in three installments,0
Pradhan Mantri Fasal Bima Yojana offers crop insurance against natural calamities,0
Kisan Credit Card provides credit to farmers for agricultural expenses at low interest,0
MGNREGA guarantees 100 days of wage employment to rural households,0
Soil Health Card Scheme issues cards with fertilizer recommendations to farmers,0
PM Krishi Sinchayee Yojana promotes efficient water use in agriculture,0
DAY-NRLM organizes rural poor into Self Help Groups for livelihood promotion,0
National Food Security Mission aims to increase production of rice wheat and pulses,0
Paramparagat Krishi Vikas Yojana promotes organic farming practices,0
eNAM platform connects agricultural markets across India electronically,0
PM Awas Yojana Gramin provides financial assistance for rural housing,0
National Bamboo Mission promotes bamboo cultivation and industry development,0
MIDH focuses on holistic development of horticulture sector in India,0
Rashtriya Krishi Vikas Yojana incentivizes states for agricultural investment,0
PM Matsya Sampada Yojana promotes sustainable fisheries development,0
National Livestock Mission focuses on livestock breed improvement and productivity,0
Sub-Mission on Agricultural Mechanization promotes farm machinery adoption,0
Rashtriya Gokul Mission works on indigenous cattle breed conservation,0
National Mission for Sustainable Agriculture promotes climate resilient practices,0
Swachh Bharat Mission Gramin aims for rural sanitation coverage,0
National Social Assistance Programme provides social security pensions,0
PM Kisan Maan Dhan Yojana offers old age pension to farmers,0
Modified Interest Subvention Scheme provides subsidized crop loans,0
Market Intervention Scheme protects farmers from distress sale,0
Kisan Call Centre offers toll-free agricultural advisory services,0
Formation of FPOs helps farmers with collective bargaining power,0
Rainfed Area Development Programme supports integrated farming in rainfed areas,0
Dairy Entrepreneurship Development Scheme provides subsidy for dairy units,0
Agri-Infrastructure Fund finances agriculture infrastructure projects,0
National Project on Organic Farming promotes bio-fertilizer production,0
Digital Agriculture Mission promotes technology adoption in farming,0
Krishi Vigyan Kendra provides training to farmers on best practices,0
Sub-Mission on Agroforestry promotes trees on agricultural land,0
National Horticulture Mission supports production and marketing of fruits vegetables,0
Crop Diversification Programme encourages shift to water-efficient crops,0
Per Drop More Crop promotes micro-irrigation technologies,0
National Beekeeping Mission supports honey production and beekeeping,0
Farmers can apply for PM Kisan through online portal or CSC centers,0
Crop insurance premium is only 2 percent for Kharif and 1.5 percent for Rabi,0
KCC holders get insurance cover against death and permanent disability,0
Soil testing is provided free or at subsidized rates under SHC scheme,0
MGNREGA wages are paid through bank accounts or post office accounts,0
SHG members get easy credit access through NRLM platform,0
Farmers get timely repayment incentive on crop loans at 3 percent additional subvention,0
eNAM eliminates middlemen and ensures better price discovery for farmers,0
Organic farming certification is provided under PKVY scheme,0
FPOs get financial support for business development and capacity building,0
Drip irrigation subsidy reduces water usage and increases productivity,0
National Bamboo Mission provides end-to-end support from cultivation to marketing,0
Agricultural extension services are available through KVK network,0
Price support is provided for pulses oilseeds and copra under PM-AASHA,0
Direct Benefit Transfer ensures subsidies reach farmers bank accounts,0
Weather based crop insurance protects against adverse weather conditions,0
Zero budget natural farming is promoted under subhash palekar model,0
Livestock insurance protects animals against death and diseases,0
Dairy cooperatives get support under National Programme for Dairy Development,0
Agricultural warehouses get financing through infrastructure fund,0
Women SHGs get priority in government schemes and subsidies,0
Farmers can get expert advice through Kisan Call Centre in local languages,0
Mobile applications provide information on weather markets and schemes,0
Government procures crops at minimum support price to protect farmers,0
Pension of ₹3000 per month is provided to elderly farmers under PM-KMY,0
Rural roads connect villages to markets under PMGSY scheme,0
Quality seeds are made available through certified seed distribution,0
Crop residue management is promoted to prevent stubble burning,0
Agricultural research and education is supported by ICAR institutions,0
Farm ponds and water harvesting structures are built under watershed programmes,0
Interest free loans are available for small farmers under certain conditions,0
Rashtriya Krishi Vikas Yojana funds state-specific agricultural interventions,0
Animal husbandry training is provided through government programmes,0
Horticulture crops get post-harvest management support,0
Cold storage facilities are developed with government subsidy,0
Agricultural marketing infrastructure is strengthened through AMI scheme,0
Farmers markets and direct selling platforms are promoted,0
Climate smart agriculture practices are encouraged for sustainability,0
Integrated pest management reduces dependence on chemical pesticides,0
Agricultural cooperatives facilitate collective marketing and procurement,0
Minimum support price is announced before sowing season,0
Agricultural credit is available from banks and cooperative societies,0
Farm mechanization reduces labor cost and increases efficiency,0
Protected cultivation techniques are promoted for high value crops,0
Precision farming technologies improve resource use efficiency,0
Agricultural value addition creates employment in rural areas,0
Contract farming provides assured market and price to farmers,0
Agricultural insurance claims are settled through banks and insurance companies,0
Watershed development improves groundwater levels in rainfed areas,0
Vermi-composting is promoted as organic soil nutrient source,0
Integrated farming systems diversify farm income sources,0
Bio-pesticides and bio-fertilizers are promoted for sustainable farming,0
Agricultural extension workers provide doorstep advisory services,0
Kisan credit cards can be used for allied activities like dairy and fishery,0
Farmers can register complaints on portal for timely redressal,0
Government schemes are implemented through state agriculture departments,0
Financial literacy programmes help farmers make informed decisions,0
Agricultural census provides data for policy formulation,0
Crop cutting experiments determine actual yield for insurance claims,0
District level coordination committees monitor scheme implementation,0
Beneficiary lists are displayed publicly for transparency,0
Social audits ensure accountability in scheme implementation,0
Aadhaar based payment system prevents leakages in subsidy transfer,0
Mobile based applications enable real-time monitoring of schemes,0
Farmers grievance redressal mechanism is available at all levels,0
Training programmes build capacity of farmers and extension workers,0
Participatory approach ensures community involvement in planning,0
Gender mainstreaming promotes women participation in agriculture,0
Youth in agriculture programmes encourage young farmers,0
Convergence of schemes maximizes benefits to farming community,0
Evidence based policy making uses field data and farmer feedback,0
Sustainable development goals guide agricultural programme design,0
Climate change adaptation strategies are integrated in farm planning,0
Nutritional security is promoted through crop diversification,0
Agro-processing creates value addition opportunities for farmers,0
Rural entrepreneurship is supported through skill development programmes,0
Traditional knowledge is documented and promoted for sustainable agriculture,0
Community based natural resource management ensures conservation,0
Farmer producer companies enable collective action by farmers,0
Agricultural innovation systems promote technology development and transfer,0
Last mile connectivity is strengthened through CSC and extension network,0
Performance monitoring frameworks ensure effective scheme implementation,0
Capacity building of institutions improves service delivery,0
Public private partnerships leverage resources for agricultural development,0
Digital divide is being bridged through mobile and internet penetration,0
Financial inclusion brings unbanked farmers into formal credit system,0
Agricultural statistics help in planning and resource allocation,0
Quality control mechanisms ensure genuine inputs reach farmers,0
Traceability systems build consumer confidence in agricultural produce,0
Export promotion schemes help farmers access international markets,0
Geographical indications protect traditional farm products,0
Brand development initiatives add value to local agricultural products,0
Cluster based approach promotes economies of scale,0
Technology demonstrations at farmer fields encourage adoption,0
Input subsidies reduce cost of cultivation for farmers,0
Output price support protects farmers from market volatility,0
Risk mitigation through insurance and price support provides safety net,0
Holistic development approach addresses multiple dimensions of farm welfare,0
Inclusive growth ensures benefits reach small and marginal farmers,0
Sustainability focus balances productivity with environmental conservation,0
Empowerment of farmers strengthens their bargaining position,0
Knowledge sharing platforms facilitate peer to peer learning,0
Innovation ecosystem supports development of context specific solutions,0
Monitoring and evaluation ensures continuous improvement of programmes,0
Feedback mechanisms help in course correction and refinement,0
Evidence generation through research improves programme effectiveness,0
Scalability of successful models is ensured through policy support,0
Institutional strengthening improves programme delivery systems,0
Collaborative approach brings together multiple stakeholders,0
Results based planning focuses on outcomes rather than outlays,0
Adaptive management allows flexibility in implementation,0
Multi-year planning provides stability and predictability,0
Resource optimization ensures efficient use of public funds,0
Impact assessment measures real benefits to farming community,0
Documentation of best practices facilitates replication,0
Awards and recognition motivate excellence in farming,0
Farmer to farmer extension promotes indigenous knowledge,0
Video based learning makes technical knowledge accessible,0
Demonstration plots showcase improved practices to farmers,0
Field days bring farmers together for knowledge exchange,0
Success stories inspire others to adopt better practices,0
Progressive farmers act as change agents in communities,0
Exposure visits broaden farmers understanding of possibilities,0
Skill certification enhances employability in agriculture sector,0
Agricultural value chains create opportunities across farm to fork,0
Backward and forward linkages strengthen agricultural economy,0
Institutional buyers provide assured market to farmer groups,0
Direct marketing channels reduce intermediation and increase farmer share,0
Price discovery through transparent auction systems benefits farmers,0
Quality grading ensures better prices for superior produce,0
Storage facilities reduce post-harvest losses and enable better timing,0
Processing adds value and creates year-round employment,0
Packaging and branding differentiate products in market,0
Logistics support connects production centers to consumption markets,0
Market information systems help farmers make informed selling decisions,0
Futures trading provides price risk management tools,0
Commodity exchanges enable price discovery and trading,0
Warehouse receipt system provides credit against stored produce,0
Agricultural marketing reforms promote farmer friendly policies,0
Consumer awareness about quality agricultural products is growing,0
Traceability and food safety compliance open premium markets,0
Organic certification fetches price premium for farmers,0
Fair trade practices ensure equitable distribution of value,0
Corporate social responsibility initiatives support rural development,0
Impact investing brings private capital to agricultural sector,0
Venture capital funds support agri-tech startups,0
Incubation centers nurture agricultural entrepreneurship,0
Technology transfer mechanisms bridge lab to land gap,0
Intellectual property rights protect farmer innovations,0
Traditional knowledge database preserves indigenous practices,0
Biodiversity conservation maintains genetic resources for future,0
Participatory plant breeding involves farmers in crop development,0
Farmers rights over genetic resources are legally recognized,0
Community gene banks preserve local crop varieties,0
Seed sovereignty ensures farmer control over planting material,0
Agroecology principles guide sustainable farming systems,0
Permaculture designs create productive and resilient farms,0
Natural farming eliminates dependence on external inputs,0
Regenerative agriculture builds soil health and carbon sequestration,0
Conservation agriculture reduces tillage and preserves soil,0
Integrated nutrient management balances organic and inorganic sources,0
Water use efficiency techniques optimize irrigation,0
Mulching conserves soil moisture and suppresses weeds,0
Cover cropping prevents soil erosion and adds organic matter,0
Crop rotation breaks pest and disease cycles,0
Intercropping optimizes land use and diversifies income,0
Mixed farming integrates crops and livestock beneficially,0
Silvo-pasture systems combine trees fodder and livestock,0
Aquaponics integrates fish and vegetable production,0
Vertical farming maximizes production in limited space,0
Hydroponics enables soilless cultivation in controlled environment,0
Protected cultivation extends growing seasons and improves quality,0
Greenhouse technology provides optimal growing conditions,0
Shade net houses protect crops from extreme weather,0
Polyhouse cultivation enables year-round production,0
Low cost cultivation technologies reduce input requirements,0
Indigenous technical knowledge offers time-tested solutions,0
Climate resilient varieties withstand adverse conditions,0
Drought tolerant crops suit water scarce regions,0
Flood resistant varieties survive waterlogging,0
Pest resistant varieties reduce pesticide use,0
High yielding varieties boost productivity per unit area,0
Nutrient dense crops address malnutrition challenges,0
Short duration varieties fit multiple cropping windows,0
Deep rooted crops tap subsoil moisture and nutrients,0